Hexágono;Código;Coordenadas;Datum;Altura;Incertidumbre;Especie;Colector/os;Fecha;No. de individos;Observaciones;País;Provincia;Municipio;Área protegida;lat;lon
12;H12M1;18.4675906 -69.9139862;WGS84;53 msnm;5 metros;Pheidole subarmata;D. Guzmán, J. Martínez;21/3/2022 0:00;5;NA;República Dominicana;Santo Domingo;Distrito Nacional;Parque Iberoamérica;18.4675906;-69.9193862
13;H13M2;18.4672803 -69.9192371;WGS84;54 msnm;4 metros;Dorymyrmex antillanus;D. Guzmán, J. Martínez;21/3/2022 0:00;3;NA;República Dominicana;Santo Domingo;Distrito Nacional;Parque Iberoamérica;18.4672803;-69.919237
13;H13M3;18.4672054 -69.9192181;WGS84;54 msnm;5 metros;Paratrechina longicornis;D. Guzmán, J. Martínez;21/3/2022 0:00;7;NA;República Dominicana;Santo Domingo;Distrito Nacional;Parque Iberoamérica;18.4672054;-69.9192181
13;H13M4;18.4669508 -69.9193136;WGS84;54 msnm;7 metros;Pheidole subarmata;D. Guzmán, J. Martínez;21/3/2022 0:00;12;NA;República Dominicana;Santo Domingo;Distrito Nacional;Parque Iberoamérica;18.4669508;-69.9193136
13;H13M5;18.4671236 -69.9191236;WGS84;54 msnm;3 metros;Solenopsis geminata;D. Guzmán, J. Martínez;21/3/2022 0:00;7;NA;República Dominicana;Santo Domingo;Distrito Nacional;Parque Iberoamérica;18.4671236;-69.9191236
13;H13M6;18.4671876 -69.9193009;WGS84;53 msnm;4 metros;Pheidole jelskii;D. Guzmán, J. Martínez;21/3/2022 0:00;5;NA;República Dominicana;Santo Domingo;Distrito Nacional;Parque Iberoamérica;18.4671876;-69.9193009
12;H12M7;18.4675406 -69.9194121;WGS84;53 msnm;7 metros;Pheidole subarmata;D. Guzmán, J. Martínez;21/3/2022 0:00;7;NA;República Dominicana;Santo Domingo;Distrito Nacional;Parque Iberoamérica;18.4675406;-69.9194121
12;H12M8;18.4675806 -69.9193971;WGS84;53 msnm;5 metros;Pheidole moerens;D. Guzmán, J. Martínez;21/3/2022 0:00;5;NA;República Dominicana;Santo Domingo;Distrito Nacional;Parque Iberoamérica;18.4675806;-69.919397
12;H12M9;18.4675541 -69.9193724;WGS84;53 msnm;7 metros;Pheidole subarmata;D. Guzmán, J. Martínez;21/3/2022 0:00;5;NA;República Dominicana;Santo Domingo;Distrito Nacional;Parque Iberoamérica;18.467554;-69.9193724
12;H12M10;18.4678106 -69.9148187;WGS84;53 msnm;7 metros;Solenopsis geminata;D. Guzmán, J. Martínez;21/3/2022 0:00;10;NA;República Dominicana;Santo Domingo;Distrito Nacional;Parque Iberoamérica;18.4678106;-69.9194818
12;H12M11;18.4676895 -69.9195071;WGS84;53 msnm;3 metros;Dorymyrmex antillanus;D. Guzmán, J. Martínez;21/3/2022 0:00;4;NA;República Dominicana;Santo Domingo;Distrito Nacional;Parque Iberoamérica;18.4676895;-69.9195071
12;H12M12;18.4677611 -69.9194596;WGS84;53 msnm;5 metros;Mycetomoellerius jamaicensis;D. Guzmán, J. Martínez;21/3/2022 0:00;2;NA;República Dominicana;Santo Domingo;Distrito Nacional;Parque Iberoamérica;18.4677611;-69.9194596
12;H12M13;18.4677846 -69.9191992;WGS84;53 msnm;3 metros;Pheidole subarmata;D. Guzmán, J. Martínez;21/3/2022 0:00;5;NA;República Dominicana;Santo Domingo;Distrito Nacional;Parque Iberoamérica;18.4677843;-69.919199
12;H12M14;18.4677761 -69.9191962;WGS84;53 msnm;3 metros;Pheidole subarmata;D. Guzmán, J. Martínez;21/3/2022 0:00;10;NA;República Dominicana;Santo Domingo;Distrito Nacional;Parque Iberoamérica;18.4677761;-69.9191962
12;H12M15;18.4678038 -69.9191878;WGS84;53 msnm;5 metros;Pheidole subarmata;D. Guzmán, J. Martínez;21/3/2022 0:00;6;NA;República Dominicana;Santo Domingo;Distrito Nacional;Parque Iberoamérica;18.4678038;-69.9191878
12;H12M16;18.467735 -69.91920512;WGS84;53 msnm;5 metros;Pheidole subarmata;D. Guzmán, J. Martínez;21/3/2022 0:00;9;NA;República Dominicana;Santo Domingo;Distrito Nacional;Parque Iberoamérica;18.467735;-69.9192051
17;H17M17;18.4680016 -69.9186243;WGS84;53 msnm;3 metros;Dorymyrmex antillanus;D. Guzmán, J. Martínez;21/3/2022 0:00;4;NA;República Dominicana;Santo Domingo;Distrito Nacional;Parque Iberoamérica;18.4680016;-69.9186243
17;H17M18;18.4680016 -69.9186243;WGS84;53 msnm;3 metros;Dorymyrmex antillanus;D. Guzmán, J. Martínez;21/3/2022 0:00;7;NA;República Dominicana;Santo Domingo;Distrito Nacional;Parque Iberoamérica;18.4681471;-69.9189358
18;H18M19;18.4672728 -69.9189457;WGS84;51 msnm;4 metros;Dorymyrmex antillanus;D. Guzmán, J. Martínez;22/3/2022 0:00;6;NA;República Dominicana;Santo Domingo;Distrito Nacional;Parque Iberoamérica;18.4672728;-69.9189457
18;H18M20;18.4672512 -69.9188931;WGS84;53 msnm;8 metros;Pheidole jelskii;D. Guzmán, J. Martínez;22/3/2022 0:00;7;NA;República Dominicana;Santo Domingo;Distrito Nacional;Parque Iberoamérica;18.4672512;-69.9188931
18;H18M21;18.4674555 -69.9188614;WGS84;52 msnm;3 metros;Dorymyrmex antillanus;D. Guzmán, J. Martínez;22/3/2022 0:00;5;NA;República Dominicana;Santo Domingo;Distrito Nacional;Parque Iberoamérica;18.4674555;-69.9188614
18;H18M22;18.467367 -69.9185482;WGS84;52 msnm;5 metros;Dorymyrmex antillanus;D. Guzmán, J. Martínez;22/3/2022 0:00;5;NA;República Dominicana;Santo Domingo;Distrito Nacional;Parque Iberoamérica;18.467367;-69.9189548
18;H18M23;18.4674785 -69.9190211;WGS84;52 msnm;7 metros;Dorymyrmex antillanus;D. Guzmán, J. Martínez;22/3/2022 0:00;5;NA;República Dominicana;Santo Domingo;Distrito Nacional;Parque Iberoamérica;18.4674785;-69.91902
18;H18M24;18.4674332 -69.9189307;WGS84;52 msnm;5 metros;Pheidole subarmata;D. Guzmán, J. Martínez;22/3/2022 0:00;9;NA;República Dominicana;Santo Domingo;Distrito Nacional;Parque Iberoamérica;18.467433;-69.9189307
18;H18M25;18.4677179 -69.9189595;WGS84;53 msnm;4 metros;Pheidole subarmata;D. Guzmán, J. Martínez;22/3/2022 0:00;9;NA;República Dominicana;Santo Domingo;Distrito Nacional;Parque Iberoamérica;18.4677179;-69.9189595
22;H22M26;18.4677648 -69.9185858;WGS84;52 msnm;7 metros;Pheidole subarmata;D. Guzmán, J. Martínez;22/3/2022 0:00;7;NA;República Dominicana;Santo Domingo;Distrito Nacional;Parque Iberoamérica;18.46776486;-69.91858274
22;H22M27;18.4677798 -69.9186300;WGS84;52 msnm;5 metros;Pheidole subarmata;D. Guzmán, J. Martínez;22/3/2022 0:00;5;NA;República Dominicana;Santo Domingo;Distrito Nacional;Parque Iberoamérica;18.46777981;-69.91863001
22;H22M28;18.4677728 -69.9182528;WGS84;52 msnm;4 metros;Dorymyrmex antillanus;D. Guzmán, J. Martínez;22/3/2022 0:00;11;NA;República Dominicana;Santo Domingo;Distrito Nacional;Parque Iberoamérica;18.46777281;-69.91825283
22;H22M29;18.4678046 -69.9179992;WGS84;52 msnm;3 metros;Pheidole subarmata;D. Guzmán, J. Martínez;22/3/2022 0:00;8;NA;República Dominicana;Santo Domingo;Distrito Nacional;Parque Iberoamérica;18.4678046;-69.917999
26;H26M30;18.4675215 -69.9179473;WGS84;52 msnm;6 metros;Tetramorium lanuginosum;D. Guzmán, J. Martínez;22/3/2022 0:00;8;NA;República Dominicana;Santo Domingo;Distrito Nacional;Parque Iberoamérica;18.46752158;-69.91794739
26;H26M31;18.4673829 -69.9178528;WGS84;52 msnm;6 metros;Pheidole subarmata;D. Guzmán, J. Martínez;22/3/2022 0:00;6;NA;República Dominicana;Santo Domingo;Distrito Nacional;Parque Iberoamérica;18.46738293;-69.91785284
27;H27M32;18.4669536 -69.9179862;WGS84;49 msnm;7 metros;Dorymyrmex antillanus;D. Guzmán, J. Martínez;22/3/2022 0:00;4;NA;República Dominicana;Santo Domingo;Distrito Nacional;Parque Iberoamérica;18.46695362;-69.91798628
27;H27M33;18.4668161 -69.9177825;WGS84;49 msnm;6 metros;Solenopsis geminata;D. Guzmán, J. Martínez;22/3/2022 0:00;10;NA;República Dominicana;Santo Domingo;Distrito Nacional;Parque Iberoamérica;18.4668161;-69.9177825
27;H27M34;18.4668286 -69.9178193;WGS84;48 msnm;6 metros;Dorymyrmex antillanus;D. Guzmán, J. Martínez;22/3/2022 0:00;5;NA;República Dominicana;Santo Domingo;Distrito Nacional;Parque Iberoamérica;18.46682864;-69.91781931
23;H23M35;18.4670275 -69.9189985;WGS84;46 msnm;7 metros;Dorymyrmex antillanus;D. Guzmán, J. Martínez;23/3/2022 0:00;6;NA;República Dominicana;Santo Domingo;Distrito Nacional;Parque Iberoamérica;18.4670275;-69.9183985
23;H23M36;18.4670574 -69.9182782;WGS84;46 msnm;5 metros;Dorymyrmex antillanus;D. Guzmán, J. Martínez;23/3/2022 0:00;6;NA;República Dominicana;Santo Domingo;Distrito Nacional;Parque Iberoamérica;18.4670574;-69.9182782
28;H28M37;18.4662091 -69.9177984;WGS84;45 msnm;4 metros;Pheidole subarmata;D. Guzmán, J. Martínez;23/3/2022 0:00;9;Estaban barriendo con rastrillo plástico y mojando el cespe;República Dominicana;Santo Domingo;Distrito Nacional;Parque Iberoamérica;18.466209;-69.9177984
24;H24M38;18.4664288 -69.9183983;WGS84;57 msnm;5 metros;Solenopsis geminata;D. Guzmán, J. Martínez;23/3/2022 0:00;8;NA;República Dominicana;Santo Domingo;Distrito Nacional;Parque Iberoamérica;18.4664289;-69.91839834
24;H24M39;18.4663579 -69.9185394;WGS84;57 msnm;7 metros;Dorymyrmex antillanus;D. Guzmán, J. Martínez;23/3/2022 0:00;5;NA;República Dominicana;Santo Domingo;Distrito Nacional;Parque Iberoamérica;18.46635798;-69.91853949
24;H24M40;18.4665325 -69.9184432;WGS84;61 msnm;4 metros;Dorymyrmex antillanus;D. Guzmán, J. Martínez;23/3/2022 0:00;3;NA;República Dominicana;Santo Domingo;Distrito Nacional;Parque Iberoamérica;18.46653257;-69.91844326
24;H24M41;18.4665392 -69.9184479;WGS84;61 msnm;4 metros;Solenopsis geminata;D. Guzmán, J. Martínez;23/3/2022 0:00;5;NA;República Dominicana;Santo Domingo;Distrito Nacional;Parque Iberoamérica;18.46653925;-69.91844796
25;H25M42;18.4659289 -69.9182561;WGS84;45 msnm;4 metros;Pheidole subarmata;D. Guzmán, J. Martínez;23/3/2022 0:00;8;NA;República Dominicana;Santo Domingo;Distrito Nacional;Parque Iberoamérica;18.46592898;-69.91825618
25;H25M43;18.4659009 -69.9182598;WGS84;42 msnm;5 metros;Pheidole subarmata;D. Guzmán, J. Martínez;23/3/2022 0:00;12;NA;República Dominicana;Santo Domingo;Distrito Nacional;Parque Iberoamérica;18.46590099;-69.91825987
25;H25M44;18.4657788 -69.9182370;WGS84;43 msnm;5 metros;Odontomachus ruginodis;D. Guzmán, J. Martínez;24/3/2022 0:00;5;NA;República Dominicana;Santo Domingo;Distrito Nacional;Parque Iberoamérica;18.46577888;-69.91823707
25;H25M45;18.4658239 -69.9182940;WGS84;42 msnm;3 metros;Wasmannia auropunctata;D. Guzmán, J. Martínez;24/3/2022 0:00;5;NA;República Dominicana;Santo Domingo;Distrito Nacional;Parque Iberoamérica;18.4658234;-69.91829406
25;H25M46;18.4657105 -69.9182293;WGS84;43 msnm;4 metros;Cyphomyrmex rimosus;D. Guzmán, J. Martínez;24/3/2022 0:00;5;NA;República Dominicana;Santo Domingo;Distrito Nacional;Parque Iberoamérica;18.4657105;-69.91822936
21;H21M47;18.4655161 -69.9186078;WGS84;44 msnm;2 metros;Solenopsis geminata;D. Guzmán, J. Martínez;24/3/2022 0:00;10;NA;República Dominicana;Santo Domingo;Distrito Nacional;Parque Iberoamérica;18.4655162;-69.91860788
21;H21M48;18.4654637 -69.9186249;WGS84;43 msnm;3 metros;Tetramorium bicarinatum;D. Guzmán, J. Martínez;24/3/2022 0:00;4;NA;República Dominicana;Santo Domingo;Distrito Nacional;Parque Iberoamérica;18.46546372;-69.91862498
21;H21M49;18.4654997 -69.9190474;WGS84;42 msnm;4 metros;Dorymyrmex antillanus;D. Guzmán, J. Martínez;24/3/2022 0:00;5;NA;República Dominicana;Santo Domingo;Distrito Nacional;Parque Iberoamérica;18.46549998;-69.91904743
21;H21M50;18.4656761 -69.9189133;WGS84;42 msnm;5 metros;Dorymyrmex antillanus;D. Guzmán, J. Martínez;24/3/2022 0:00;3;NA;República Dominicana;Santo Domingo;Distrito Nacional;Parque Iberoamérica;18.46567616;-69.91891332
21;H21M51;18.4656284 -69.9188888;WGS84;42 msnm;4 metros;Pheidole subarmata;D. Guzmán, J. Martínez;24/3/2022 0:00;5;NA;República Dominicana;Santo Domingo;Distrito Nacional;Parque Iberoamérica;18.4656284;-69.9188888
21;H21M52;18.4654923 -69.9188395;WGS84;42 msnm;4 metros;Dorymyrmex antillanus;D. Guzmán, J. Martínez;24/3/2022 0:00;4;NA;República Dominicana;Santo Domingo;Distrito Nacional;Parque Iberoamérica;18.46549235;-69.91883956
21;H21M53;18.4653587 -69.9190970;WGS84;42 msnm;4 metros;Dorymyrmex antillanus;D. Guzmán, J. Martínez;24/3/2022 0:00;4;NA;República Dominicana;Santo Domingo;Distrito Nacional;Parque Iberoamérica;18.46535878;-69.91909705
21;H21M54;18.4656277 -69.9190878;WGS84;42 msnm;6 metros;Dorymyrmex antillanus;D. Guzmán, J. Martínez;24/3/2022 0:00;6;NA;República Dominicana;Santo Domingo;Distrito Nacional;Parque Iberoamérica;18.4656277;-69.9190878
16;H16M55;18.4655171 -69.9194267;WGS84;44 msnm;5 metros;Dorymyrmex antillanus;D. Guzmán, J. Martínez;24/3/2022 0:00;6;NA;República Dominicana;Santo Domingo;Distrito Nacional;Parque Iberoamérica;18.4655171;-69.9194267
16;H16M56;18.4653559 -69.9193109;WGS84;43 msnm;5 metros;Dorymyrmex antillanus;D. Guzmán, J. Martínez;24/3/2022 0:00;5;NA;República Dominicana;Santo Domingo;Distrito Nacional;Parque Iberoamérica;18.46535592;-69.91931096
16;H16M57;18.4653417 -69.9196006;WGS84;43 msnm;6 metros;Dorymyrmex antillanus;D. Guzmán, J. Martínez;24/3/2022 0:00;5;NA;República Dominicana;Santo Domingo;Distrito Nacional;Parque Iberoamérica;18.4653417;-69.9196006
16;H16M58;18.4655228 -69.9194051;WGS84;43 msnm;4 metros;Dorymyrmex antillanus;D. Guzmán, J. Martínez;24/3/2022 0:00;5;NA;República Dominicana;Santo Domingo;Distrito Nacional;Parque Iberoamérica;18.46552288;-69.91940517
16;H16M59;18.4654982 -69.9194709;WGS84;46 msnm;5 metros;Dorymyrmex antillanus;D. Guzmán, J. Martínez;24/3/2022 0:00;6;NA;República Dominicana;Santo Domingo;Distrito Nacional;Parque Iberoamérica;18.4654982;-69.9194709
16;H16M60;18.4655988 -69.9192506;WGS84;45 msnm;4 metros;Paratrechina longicornis;D. Guzmán, J. Martínez;24/3/2022 0:00;2;NA;República Dominicana;Santo Domingo;Distrito Nacional;Parque Iberoamérica;18.46559888;-69.91925061
19;H19M61;18.4667698 -69.9189780;WGS84;51 msnm;3 metros;Solenopsis geminata;D. Guzmán, J. Martínez;24/3/2022 0:00;4;NA;República Dominicana;Santo Domingo;Distrito Nacional;Parque Iberoamérica;18.4667698;-69.91897803
19;H19M62;18.4669294 -69.9189992;WGS84;52 msnm;6 metros;Dorymyrmex antillanus;D. Guzmán, J. Martínez;24/3/2022 0:00;4;NA;República Dominicana;Santo Domingo;Distrito Nacional;Parque Iberoamérica;18.4669294;-69.9189992
19;H19M63;18.4670242 -69.9189917;WGS84;52 msnm;4 metros;Solenopsis geminata;D. Guzmán, J. Martínez;24/3/2022 0:00;7;NA;República Dominicana;Santo Domingo;Distrito Nacional;Parque Iberoamérica;18.46702421;-69.91899177
19;H19M64;18.4669545 -69.9190356;WGS84;52 msnm;3 metros;Dorymyrmex antillanus;D. Guzmán, J. Martínez;24/3/2022 0:00;3;NA;República Dominicana;Santo Domingo;Distrito Nacional;Parque Iberoamérica;18.46695457;-69.9190357
19;H19M65;18.4666842 -69.9189170;WGS84;49 msnm;3 metros;Pheidole jelskii;D. Guzmán, J. Martínez;25/3/2022 0:00;2;NA;República Dominicana;Santo Domingo;Distrito Nacional;Parque Iberoamérica;18.46668426;-69.91891701
20;H20M66;18.4662139 -69.9189039;WGS84;49 msnm;4 metros;Pheidole subarmata;D. Guzmán, J. Martínez;25/3/2022 0:00;9;NA;República Dominicana;Santo Domingo;Distrito Nacional;Parque Iberoamérica;18.46621392;-69.91890393
20;H20M67;18.4661786 -69.9188817;WGS84;49 msnm;3 metros;Pheidole subarmata;D. Guzmán, J. Martínez;25/3/2022 0:00;6;NA;República Dominicana;Santo Domingo;Distrito Nacional;Parque Iberoamérica;18.46617862;-69.91888817
20;H20M68;18.4661477 -69.9189555;WGS84;48 msnm;5 metros;Pheidole subarmata;D. Guzmán, J. Martínez;25/3/2022 0:00;7;NA;República Dominicana;Santo Domingo;Distrito Nacional;Parque Iberoamérica;18.46614777;-69.91895556
20;H20M69;18.4661624 -69.9189669;WGS84;49 msnm;6 metros;Pheidole subarmata;D. Guzmán, J. Martínez;25/3/2022 0:00;3;NA;República Dominicana;Santo Domingo;Distrito Nacional;Parque Iberoamérica;18.4661624;-69.91896696
20;H20M70;18.4661420 -69.9188127;WGS84;49 msnm;6 metros;Dorymyrmex antillanus;D. Guzmán, J. Martínez;25/3/2022 0:00;5;NA;República Dominicana;Santo Domingo;Distrito Nacional;Parque Iberoamérica;18.46614205;-69.91881274
20;H20M71;18.4661884 -69.9187949;WGS84;50 msnm;3 metros;Solenopsis geminata;D. Guzmán, J. Martínez;25/3/2022 0:00;5;NA;República Dominicana;Santo Domingo;Distrito Nacional;Parque Iberoamérica;18.46618848;-69.91879497
15;H15M72;18.4659168 -69.9193387;WGS84;49 msnm;5 metros;Odontomachus ruginodis;D. Guzmán, J. Martínez;25/3/2022 0:00;5;NA;República Dominicana;Santo Domingo;Distrito Nacional;Parque Iberoamérica;18.46591689;-69.91938706
15;H15M73;18.465935 -69.9194641;WGS84;50 msnm;6 metros;Wasmannia auropunctata;D. Guzmán, J. Martínez;25/3/2022 0:00;7;NA;República Dominicana;Santo Domingo;Distrito Nacional;Parque Iberoamérica;18.46593502;-69.91946418
14;H14M74;18.4665516 -69.9193250;WGS84;50 msnm;7 metros;Pheidole subarmata;D. Guzmán, J. Martínez;25/3/2022 0:00;5;NA;República Dominicana;Santo Domingo;Distrito Nacional;Parque Iberoamérica;18.46655165;-69.91932504
10;H10M75;18.4663506 -69.9199583;WGS84;50 msnm;4 metros;Solenopsis geminata;D. Guzmán, J. Martínez;25/3/2022 0:00;6;NA;República Dominicana;Santo Domingo;Distrito Nacional;Parque Iberoamérica;18.46635066;-69.91995838
9;H9M76;18.4667547 -69.9200523;WGS84;53 msnm;10 metros;Solenopsis geminata;D. Guzmán, J. Martínez;25/3/2022 0:00;8;NA;República Dominicana;Santo Domingo;Distrito Nacional;Parque Iberoamérica;18.4667547;-69.9200523
9;H9M77;18.46666782 -69.9201444;WGS84;53 msnm;7 metros;Pheidole jelskii;D. Guzmán, J. Martínez;25/3/2022 0:00;10;NA;República Dominicana;Santo Domingo;Distrito Nacional;Parque Iberoamérica;18.46667822;-69.92014445
8;H8M78;18.4676503 -69.9198363;WGS84;52 msnm;5 metros;Paratrechina longicornis;D. Guzmán, J. Martínez;30/3/2022 0:00;9;NA;República Dominicana;Santo Domingo;Distrito Nacional;Parque Iberoamérica;18.46765038;-69.91983633
8;H8M79;18.4676497 -69.9198385;WGS84;52 msnm;5 metros;Pheidole subarmata;D. Guzmán, J. Martínez;30/3/2022 0:00;4;Hormigas mudandose de nido de una mangera al suelo;República Dominicana;Santo Domingo;Distrito Nacional;Parque Iberoamérica;18.46764974;-69.91998386
8;H8M80;18.4676316 -69.9200133;WGS84;52 msnm;3 metros;Pheidole subarmata;D. Guzmán, J. Martínez;30/3/2022 0:00;6;Lunes 28 y martes 29, llovió;República Dominicana;Santo Domingo;Distrito Nacional;Parque Iberoamérica;18.46763161;-69.92001336
8;H8M81;18.4676281 -69.9200472;WGS84;52 msnm;2 metros;Pheidole subarmata;D. Guzmán, J. Martínez;30/3/2022 0:00;4;NA;República Dominicana;Santo Domingo;Distrito Nacional;Parque Iberoamérica;18.46762812;-69.92004722
4;H4M82;18.4672286 -69.9205142;WGS84;54 msnm;3 metros;Pheidole subarmata;D. Guzmán, J. Martínez;30/3/2022 0:00;7;NA;República Dominicana;Santo Domingo;Distrito Nacional;Parque Iberoamérica;18.4672287;-69.92051426
4;H4M83;18.4671536 -69.9205883;WGS84;53 msnm;4 metros;Pheidole subarmata;D. Guzmán, J. Martínez;30/3/2022 0:00;5;NA;República Dominicana;Santo Domingo;Distrito Nacional;Parque Iberoamérica;18.46715364;-69.92058836
4;H4M84;18.4672242 -69.9205853;WGS84;54 msnm;3 metros;Dorymyrmex antillanus;D. Guzmán, J. Martínez;30/3/2022 0:00;3;NA;República Dominicana;Santo Domingo;Distrito Nacional;Parque Iberoamérica;18.46722424;-69.92058534
4;H4M85;18.4672811 -69.9205601;WGS84;54 msnm;4 metros;Paratrechina longicornis;D. Guzmán, J. Martínez;30/3/2022 0:00;3;Hormigas mudandose de nido, con sus huevos;República Dominicana;Santo Domingo;Distrito Nacional;Parque Iberoamérica;18.46728117;-69.9205602
4;H4M86;18.4672445 -69.926852;WGS84;54 msnm;3 metros;Pheidole subarmata;D. Guzmán, J. Martínez;30/3/2022 0:00;3;NA;República Dominicana;Santo Domingo;Distrito Nacional;Parque Iberoamérica;18.4672446;-69.92068525
4;H4M87;18.4672935 -69.9208143;WGS84;54 msnm;2 metros;Dorymyrmex antillanus;D. Guzmán, J. Martínez;30/3/2022 0:00;4;NA;República Dominicana;Santo Domingo;Distrito Nacional;Parque Iberoamérica;18.46729357;-69.92081434
2;H2M88;18.4669319 -69.9211050;WGS84;48 msnm;3 metros;Dorymyrmex antillanus;D. Guzmán, J. Martínez;31/3/2022 0:00;4;NA;República Dominicana;Santo Domingo;Distrito Nacional;Parque Iberoamérica;18.46693199;-69.92110502
2;H2M89;18.4667020 -69.9211724;WGS84;48 msnm;48 metros;Pheidole jelskii;D. Guzmán, J. Martínez;31/3/2022 0:00;5;NA;República Dominicana;Santo Domingo;Distrito Nacional;Parque Iberoamérica;18.46670207;-69.92117241
2;H2M90;18.4666019 -69.9210718;WGS84;50 msnm;50 metros;Dorymyrmex antillanus;D. Guzmán, J. Martínez;31/3/2022 0:00;3;NA;República Dominicana;Santo Domingo;Distrito Nacional;Parque Iberoamérica;18.4666019;-69.9210718
3;H3M91;18.4666117 -69.9210849;WGS84;50 msnm;3 metros;Paratrechina longicornis;D. Guzmán, J. Martínez;31/3/2022 0:00;11;La extensión del nido estaba en un palo, se piso sin querer y la reina fue aplastada.;República Dominicana;Santo Domingo;Distrito Nacional;Parque Iberoamérica;18.46611756;-69.9210849
5;H5M92;18.4665379 -69.9207627;WGS84;52 msnm;4 metros;Pheidole subarmata;D. Guzmán, J. Martínez;31/3/2022 0:00;5;NA;República Dominicana;Santo Domingo;Distrito Nacional;Parque Iberoamérica;18.46653797;-69.9207627
5;H5M93;18.4665014 -69.9206721;WGS84;50 msnm;3 metros;Solenopsis geminata;D. Guzmán, J. Martínez;31/3/2022 0:00;9;NA;República Dominicana;Santo Domingo;Distrito Nacional;Parque Iberoamérica;18.4665014;-69.92067218
5;H5M94;18.4664457 -69.9203503;WGS84;50 msnm;3 metros;Pheidole jelskii;D. Guzmán, J. Martínez;31/3/2022 0:00;6;NA;República Dominicana;Santo Domingo;Distrito Nacional;Parque Iberoamérica;18.46644575;-69.92035031
6;H6M95;18.4659718 -69.9206881;WGS84;48 msnm;7 metros;Dorymyrmex antillanus;D. Guzmán, J. Martínez;31/3/2022 0:00;4;Alrededor de 80 niños en esta parcela;República Dominicana;Santo Domingo;Distrito Nacional;Parque Iberoamérica;18.4659718;-69.9206881
6;H6M96;18.4657998 -69.9208428;WGS84;48 msnm;6 metros;Dorymyrmex antillanus;D. Guzmán, J. Martínez;31/3/2022 0:00;4;NA;República Dominicana;Santo Domingo;Distrito Nacional;Parque Iberoamérica;18.46579987;-69.92084283
6;H6M97;18.4659325 -69.9208261;WGS84;48 msnm;5 metros;Pheidole subarmata;D. Guzmán, J. Martínez;31/3/2022 0:00;5;NA;República Dominicana;Santo Domingo;Distrito Nacional;Parque Iberoamérica;18.4659325;-69.9208261
6;H6M98;18.4659375 -69.9204136;WGS84;50 msnm;7 metros;Pheidole subarmata;D. Guzmán, J. Martínez;31/3/2022 0:00;4;NA;República Dominicana;Santo Domingo;Distrito Nacional;Parque Iberoamérica;18.46593757;-69.92041368
6;H6M99;18.4659194 -69.9205018;WGS84;50 msnm;7 metros;Dorymyrmex antillanus;D. Guzmán, J. Martínez;31/3/2022 0:00;4;NA;República Dominicana;Santo Domingo;Distrito Nacional;Parque Iberoamérica;18.46591944;-69.92050186
7;H7M100;18.4650216 -69.9206919;WGS84;45 msnm;5 metros;Odontomachus ruginodis;D. Guzmán, J. Martínez;31/3/2022 0:00;2;NA;República Dominicana;Santo Domingo;Distrito Nacional;Parque Iberoamérica;18.46502168;-69.92069196
7;H7M101;18.4651871 -69.9205213;WGS84;44 msnm;7 metros;Cyphomyrmex rimosus;D. Guzmán, J. Martínez;31/3/2022 0:00;4;NA;República Dominicana;Santo Domingo;Distrito Nacional;Parque Iberoamérica;18.4651871;-69.9205213
11;H11M102;18.4656185 -69.9198943;WGS84;47 msnm;7 metros;Pheidole subarmata;D. Guzmán, J. Martínez;31/3/2022 0:00;5;NA;República Dominicana;Santo Domingo;Distrito Nacional;Parque Iberoamérica;18.4656186;-69.91989434
11;H11M103;18.4656185 -69.9197672;WGS84;46 metros;5 metros;Pheidole subarmata;D. Guzmán, J. Martínez;31/3/2022 0:00;4;NA;República Dominicana;Santo Domingo;Distrito Nacional;Parque Iberoamérica;18.4656186;-69.91976727
11;H11M104;18.4655130 -69.9199164;WGS84;46 msnm;5 metros;Pheidole jelskii;D. Guzmán, J. Martínez;31/3/2022 0:00;5;Cerca de un zafacón;República Dominicana;Santo Domingo;Distrito Nacional;Parque Iberoamérica;18.46551302;-69.91991647
13;2H13M1;18.4673794 -69.9193894;WGS84;52 msnm;3 metros;Solenopsis geminata;D. Guzmán, F. Ortíz;10/5/2022 0:00;5;NA;República Dominicana;Santo Domingo;Distrito Nacional;Parque Iberoamérica;18.46737943;-69.91938941
13;2H13M2;18.4642012 -69.9193351;WGS84;54 msnm;2 meros;Paratrechina longicornis;D. Guzmán, F. Ortíz;10/5/2022 0:00;10;NA;República Dominicana;Santo Domingo;Distrito Nacional;Parque Iberoamérica;18.46742014;-69.91933543
13;2H13M3;18.4673428 -69.9192626;WGS84;53 msnm;2 metros;Dorymyrmex antillanus;D. Guzmán, F. Ortíz;10/5/2022 0:00;8;NA;República Dominicana;Santo Domingo;Distrito Nacional;Parque Iberoamérica;18.46734286;-69.91926268
13;2H13M4;18.4672649 -69.9192777;WGS84;53 msnm;3 metros;Dorymyrmex antillanus;D. Guzmán, F. Ortíz;10/5/2022 0:00;8;NA;República Dominicana;Santo Domingo;Distrito Nacional;Parque Iberoamérica;18.46726495;-69.91927776
13;2H13M5;18.4673237 -69.9193196;WGS84;54 msnm;2 metros;Dorymyrmex antillanus;D. Guzmán, F. Ortíz;10/5/2022 0:00;8;NA;República Dominicana;Santo Domingo;Distrito Nacional;Parque Iberoamérica;18.46732378;-69.91931967
13;2H13M6;18.4672872 -69.9193692;WGS84;54 msnm;4 metros;Brachymyrmex heeri;D. Guzmán, F. Ortíz;10/5/2022 0:00;9;Posible género;República Dominicana;Santo Domingo;Distrito Nacional;Parque Iberoamérica;18.46728721;-69.9193693
13;2H13M7;18.4671724 -69.9194463;WGS84;52 msnm;3 metros;Dorymyrmex antillanus;D. Guzmán, F. Ortíz;10/5/2022 0:00;8;NA;República Dominicana;Santo Domingo;Distrito Nacional;Parque Iberoamérica;18.46717241;-69.91946317
13;2H13M8;18.4671507 -69.9194638;WGS84;52 msnm;4 metros;Solenopsis geminata;D. Guzmán, F. Ortíz;10/5/2022 0:00;11;NA;República Dominicana;Santo Domingo;Distrito Nacional;Parque Iberoamérica;18.46715078;-69.91946384
12;2H12M9;18.4676344 -69.9193404;WGS84;53 msnm;2 metros;Pheidole subarmata;D. Guzmán, F. Ortíz;10/5/2022 0:00;6;NA;República Dominicana;Santo Domingo;Distrito Nacional;Parque Iberoamérica;18.46763448;-69.91934046
12;2H12M10;18.4676042 -69.9193562;WGS84;53 msnm;2 metros;Pheidole subarmata;D. Guzmán, F. Ortíz;10/5/2022 0:00;8;NA;República Dominicana;Santo Domingo;Distrito Nacional;Parque Iberoamérica;18.46760427;-69.91935622
12;2H12M11;18.4677534 -69.9193012;WGS84;53 msnm;4 metros;Pheidole subarmata;D. Guzmán, F. Ortíz;10/5/2022 0:00;12;NA;República Dominicana;Santo Domingo;Distrito Nacional;Parque Iberoamérica;18.46775341;-69.91930123
12;2H12M12;18.4676643 -69.9194557;WGS84;53 msnm;4 metros;Pheidole subarmata;D. Guzmán, F. Ortíz;10/5/2022 0:00;10;NA;República Dominicana;Santo Domingo;Distrito Nacional;Parque Iberoamérica;18.46766437;-69.9194558
12;2H12M13;18.4677785 -69.9193059;WGS84;53 msnm;2 metros;Mycetomoellerius jamaicensis;D. Guzmán, F. Ortíz;10/5/2022 0:00;7;NA;República Dominicana;Santo Domingo;Distrito Nacional;Parque Iberoamérica;18.46777854;-69.91930593
12;2H12M14;18.4678415 -69.9194044;WGS84;53 msnm;3 metros;Pheidole subarmata;D. Guzmán, F. Ortíz;10/5/2022 0:00;9;NA;República Dominicana;Santo Domingo;Distrito Nacional;Parque Iberoamérica;18.4678415;-69.9194045
12;2H12M15;18.4678904 -69.9192177;WGS84;53 msnm;2 metros;Pheidole subarmata;D. Guzmán, F. Ortíz;10/5/2022 0:00;11;NA;República Dominicana;Santo Domingo;Distrito Nacional;Parque Iberoamérica;18.46789048;-69.91921775
12;2H12M16;18.4678373 -69.9196720;WGS84;54 msnm;3 metros;Pheidole subarmata;D. Guzmán, F. Ortíz;10/5/2022 0:00;8;NA;República Dominicana;Santo Domingo;Distrito Nacional;Parque Iberoamérica;18.46783737;-69.91967205
17;2H17M17;18.4679900 -69.9189468;WGS84;53 msnm;2 metros;Dorymyrmex antillanus;D. Guzmán, H. Guzmán;10/5/2022 0:00;9;NA;República Dominicana;Santo Domingo;Distrito Nacional;Parque Iberoamérica;18.46799001;-69.91894685
17;2H17M18;18.4680275 -69.9186692;WGS84;53 msnm;3 metros;Dorymyrmex antillanus;D. Guzmán, H. Guzmán;10/5/2022 0:00;6;NA;República Dominicana;Santo Domingo;Distrito Nacional;Parque Iberoamérica;18.46802754;-69.91866924
18;2H18M19;18.4673695 -69.9188958;WGS84;52 msnm;2 metros;Dorymyrmex antillanus;D. Guzmán, H. Guzmán;10/5/2022 0:00;11;NA;República Dominicana;Santo Domingo;Distrito Nacional;Parque Iberoamérica;18.46736957;-69.91889589
18;2H18M20;18.4673253 -69.9188519;WGS84;52 msnm;3 metros;Dorymyrmex antillanus;D. Guzmán, H. Guzmán;10/5/2022 0:00;4;NA;República Dominicana;Santo Domingo;Distrito Nacional;Parque Iberoamérica;18.46732537;-69.91885196
18;2H18M21;18.4672938 -69.9188512;WGS84;52 msnm;4 metros;Pheidole subarmata;D. Guzmán, H. Guzmán;10/5/2022 0:00;9;NA;República Dominicana;Santo Domingo;Distrito Nacional;Parque Iberoamérica;18.46729389;-69.91885129
18;2H18M22;18.4673342 -69.9188338;WGS84;52 msnm;3 metros;Pheidole subarmata;D. Guzmán, H. Guzmán;10/5/2022 0:00;13;NA;República Dominicana;Santo Domingo;Distrito Nacional;Parque Iberoamérica;18.46733428;-69.91883386
22;2H22M23;18.4676958 -69.9185596;WGS84;51 msnm;4 metros;Pheidole subarmata;D. Guzmán;11/5/2022 0:00;5;NA;República Dominicana;Santo Domingo;Distrito Nacional;Parque Iberoamérica;18.46769585;-69.9185596
22;2H22M24;18.4677082 -69.9185059;WGS84;51 msnm;4  metros;Pheidole subarmata;D. Guzmán;11/5/2022 0:00;7;NA;República Dominicana;Santo Domingo;Distrito Nacional;Parque Iberoamérica;18.46770826;-69.91850596
22;2H22M25;18.4677903 -69.9185260;WGS84;51 msnm;2 metros;Dorymyrmex antillanus;D. Guzmán;11/5/2022 0:00;4;NA;República Dominicana;Santo Domingo;Distrito Nacional;Parque Iberoamérica;18.4677903;-69.91852608
22;2H22M26;18.4678440 -69.9183047;WGS84;51 msnm;3 metros;Dorymyrmex antillanus;D. Guzmán, J. Martínez;11/5/2022 0:00;3;NA;República Dominicana;Santo Domingo;Distrito Nacional;Parque Iberoamérica;18.46784405;-69.91830479
22;2H22M27;18.4677200 -69.9183004;WGS84;50 msnm;2  metros;Pheidole subarmata;D. Guzmán, J. Martínez;11/5/2022 0:00;3;NA;República Dominicana;Santo Domingo;Distrito Nacional;Parque Iberoamérica;18.46772002;-69.91830043
22;2H22M28;18.4677200 -69.9182665;WGS84;51 msnm;2 metros;Solenopsis geminata;D. Guzmán, J. Martínez;11/5/2022 0:00;5;NA;República Dominicana;Santo Domingo;Distrito Nacional;Parque Iberoamérica;18.46772002;-69.91826657
22;2H22M29;18.4677607 -69.9182648;WGS84;51 msnm;3 metros;Dorymyrmex antillanus;D. Guzmán, J. Martínez;11/5/2022 0:00;5;NA;República Dominicana;Santo Domingo;Distrito Nacional;Parque Iberoamérica;18.46776073;-69.9182649
26;2H26M30;18.4674939 -69.9179423;WGS84;45 msnm;3 metros;Pheidole subarmata;D. Guzmán, J. Martínez;11/5/2022 0:00;4;NA;República Dominicana;Santo Domingo;Distrito Nacional;Parque Iberoamérica;18.46749392;-69.91794236
26;2H26M31;18.4675104 -69.9179601;WGS84;45 msnm;3 metros;Pheidole subarmata;D. Guzmán, J. Martínez;11/5/2022 0:00;9;NA;República Dominicana;Santo Domingo;Distrito Nacional;Parque Iberoamérica;18.46751045;-69.91796047
26;2H26M32;18.4675397 -69.9197152;WGS84;45 msnm;2 metros;Monomorium lanuginosa;D. Guzmán, J. Martínez;11/5/2022 0:00;4;Posible género;República Dominicana;Santo Domingo;Distrito Nacional;Parque Iberoamérica;18.46753971;-69.91797153
26;2H26M33;18.4674881 -69.9179105;WGS84;45 msnm;3 metros;Pheidole subarmata;D. Guzmán, J. Martínez;11/5/2022 0:00;6;NA;República Dominicana;Santo Domingo;Distrito Nacional;Parque Iberoamérica;18.46748819;-69.91791051
27;2H27M34;18.4669784 -69.9178435;WGS84;44 msnm;2 metros;Pheidole subarmata;D. Guzmán, J. Martínez;11/5/2022 0:00;6;NA;República Dominicana;Santo Domingo;Distrito Nacional;Parque Iberoamérica;18.46697842;-69.91784345
27;2H27M35;18.4670286 -69.9177297;WGS84;44 msnm;3 metros;Solenopsis geminata;D. Guzmán, J. Martínez;11/5/2022 0:00;6;NA;República Dominicana;Santo Domingo;Distrito Nacional;Parque Iberoamérica;18.46702867;-69.9177298
27;2H27M36;18.4669631 -69.9177375;WGS84;44 msnm;4 metros;Solenopsis geminata;D. Guzmán, J. Martínez;11/5/2022 0:00;6;NA;República Dominicana;Santo Domingo;Distrito Nacional;Parque Iberoamérica;18.46696316;-69.91773751
27;2H27M37;18.4669408 -69.9177874;WGS84;44 msnm;3 metros;Odontomachus ruginodis;D. Guzmán, J. Martínez;11/5/2022 0:00;4;NA;República Dominicana;Santo Domingo;Distrito Nacional;Parque Iberoamérica;18.4669409;-69.91778746
27;2H27M38;18.4668636 -69.9178983;WGS84;44 msnm;4 metros;Dorymyrmex antillanus;D. Guzmán, J. Martínez;11/5/2022 0:00;5;NA;República Dominicana;Santo Domingo;Distrito Nacional;Parque Iberoamérica;18.46686362;-69.91789375
27;2H27M39;18.4667389 -69.9177194;WGS84;44 msnm;2 metros;Pheidole subarmata;D. Guzmán, J. Martínez;11/5/2022 0:00;10;NA;República Dominicana;Santo Domingo;Distrito Nacional;Parque Iberoamérica;18.46673896;-69.9177194
27;2H27M40;18.4669043 -69.9178397;WGS84;44 msnm;3 metros;Dorymyrmex antillanus;D. Guzmán, F. Ortíz;12/5/2022 0:00;10;NA;República Dominicana;Santo Domingo;Distrito Nacional;Parque Iberoamérica;18.46690432;-69.91783977
27;2H27M41;18.4668712 -69.9178223;WGS84;44 msnm;4 metros;Solenopsis geminata;D. Guzmán, F. Ortíz;12/5/2022 0:00;9;NA;República Dominicana;Santo Domingo;Distrito Nacional;Parque Iberoamérica;18.46687125;-69.91782233
23;2H23M42;18.4669637 -69.9182970;WGS84;46 msnm;5 metros;Pheidole subarmata;D. Guzmán, F. Ortíz;12/5/2022 0:00;4;NA;República Dominicana;Santo Domingo;Distrito Nacional;Parque Iberoamérica;18.46696379;-69.91828971
23;2H23M43;18.4669866 -69.9182675;WGS84;46 msnm;4 metros;Pheidole subarmata;D. Guzmán, F. Ortíz;12/5/2022 0:00;7;NA;República Dominicana;Santo Domingo;Distrito Nacional;Parque Iberoamérica;18.46698669;-69.91826758
23;2H23M44;18.4670595 -69.9183007;WGS84;46 msnm;5 metros;Pheidole subarmata;D. Guzmán, F. Ortíz;12/5/2022 0:00;8;NA;República Dominicana;Santo Domingo;Distrito Nacional;Parque Iberoamérica;18.46705951;-69.91830077
28;2H28M45;18.4660679 -69.9178971;WGS84;44 msnm;3 metros;Pheidole subarmata;D. Guzmán, F. Ortíz;12/5/2022 0:00;12;NA;República Dominicana;Santo Domingo;Distrito Nacional;Parque Iberoamérica;18.466067;-69.917897
28;2H28M46;18.4660342 -69.9179323;WGS84;44 msnm;3 metros;Solenopsis geminata;D. Guzmán, F. Ortíz;12/5/2022 0:00;11;NA;República Dominicana;Santo Domingo;Distrito Nacional;Parque Iberoamérica;18.46603424;-69.9179323
28;2H28M47;18.4660863 -69.9178260;WGS84;44 msnm;4 metros;Pheidole subarmata;D. Guzmán, F. Ortíz;12/5/2022 0:00;8;NA;República Dominicana;Santo Domingo;Distrito Nacional;Parque Iberoamérica;18.4660864;-69.91782602
28;2H28M48;18.4662072 -69.9179121;WGS84;44 msnm;4 metros;Pheidole subarmata;D. Guzmán, F. Ortíz;12/5/2022 0:00;5;NA;República Dominicana;Santo Domingo;Distrito Nacional;Parque Iberoamérica;18.46620724;-69.91791219
28;2H28M49;18.4661092 -69.9176624;WGS84;44 msnm;4 metros;Solenopsis geminata;D. Guzmán, F. Ortíz;12/5/2022 0:00;13;NA;República Dominicana;Santo Domingo;Distrito Nacional;Parque Iberoamérica;18.46610929;-69.9176624
28;2H28M50;18.4661636 -69.9179091;WGS84;44 msnm;3 metros;Wasmannia auropunctata;D. Guzmán, F. Ortíz;12/5/2022 0:00;10;NA;República Dominicana;Santo Domingo;Distrito Nacional;Parque Iberoamérica;18.46616367;-69.91790917
28;2H28M51;18.4660456 -69.9178404;WGS84;44 msnm;3 metros;Cyphomyrmex rimosus;D. Guzmán, F. Ortíz, J. Martínez;12/5/2022 0:00;7;NA;República Dominicana;Santo Domingo;Distrito Nacional;Parque Iberoamérica;18.46604569;-69.91784044
25;2H25M52;18.4659348 -69.9181478;WGS84;44 msnm;4 metros;Solenopsis geminata;D. Guzmán, J. Martínez;12/5/2022 0:00;8;NA;República Dominicana;Santo Domingo;Distrito Nacional;Parque Iberoamérica;18.46593439;-69.91814788
25;2H25M53;18.4659051 -69.9182343;WGS84;44 msnm;2 metros;Pheidole subarmata;D. Guzmán, J. Martínez;12/5/2022 0:00;3;NA;República Dominicana;Santo Domingo;Distrito Nacional;Parque Iberoamérica;18.46590513;-69.91823439
25;2H25M54;18.4657861 -69.9182206;WGS84;45 msnm;2 metros;Odontomachus ruginodis;D. Guzmán, J. Martínez;12/5/2022 0:00;2;NA;República Dominicana;Santo Domingo;Distrito Nacional;Parque Iberoamérica;18.46578619;-69.91822064
21;2H21M55;18.4656580 -69.9188207;WGS84;43 msnm;4 metros;Dorymyrmex antillanus;D. Guzmán, F. Ortíz;13/5/2022 0:00;10;NA;República Dominicana;Santo Domingo;Distrito Nacional;Parque Iberoamérica;18.46565803;-69.91882078
21;2H21M56;18.4656443 -69.9189109;WGS84;43 msnm;3 metros;Pheidole subarmata;D. Guzmán, F. Ortíz;13/5/2022 0:00;3;NA;República Dominicana;Santo Domingo;Distrito Nacional;Parque Iberoamérica;18.46564436;-69.91891097
21;2H21M57;18.4656713 -69.9189740;WGS84;43 msnm;4 metros;Pheidole subarmata;D. Guzmán, F. Ortíz;13/5/2022 0:00;9;NA;República Dominicana;Santo Domingo;Distrito Nacional;Parque Iberoamérica;18.46567139;-69.918974
21;2H21M58;18.4656185 -69.9182103;WGS84;43 msnm;4 metros;Pogonomyrmex schmitti;D. Guzmán, F. Ortíz;13/5/2022 0:00;7;NA;República Dominicana;Santo Domingo;Distrito Nacional;Parque Iberoamérica;18.4656186;-69.91892103
21;2H21M59;18.4655085 -69.9189978;WGS84;43 msnm;2 metros;Solenopsis geminata;D. Guzmán, F. Ortíz;13/5/2022 0:00;5;NA;República Dominicana;Santo Domingo;Distrito Nacional;Parque Iberoamérica;18.46550856;-69.91899781
21;2H21M60;18.4655454 -69.9190232;WGS84;43 msnm;2 metros;Dorymyrmex antillanus;D. Guzmán, F. Ortíz;13/5/2022 0:00;7;NA;República Dominicana;Santo Domingo;Distrito Nacional;Parque Iberoamérica;18.46554545;-69.91902329
21;2H21M61;18.4655867 -69.9190279;WGS84;43 msnm;1 metros;Pheidole subarmata;D. Guzmán, F. Ortíz;13/5/2022 0:00;3;NA;República Dominicana;Santo Domingo;Distrito Nacional;Parque Iberoamérica;18.4655868;-69.91902798
21;2H21M62;18.4657540 -69.9189693;WGS84;44 msnm;3 metros;Pheidole jelskii;D. Guzmán, F. Ortíz;13/5/2022 0:00;7;NA;República Dominicana;Santo Domingo;Distrito Nacional;Parque Iberoamérica;18.46575407;-69.91896931
16;2H16M63;18.4655155 -69.9194762;WGS84;45 msnm;2 metros;Dorymyrmex antillanus;D. Guzmán, F. Ortíz;13/5/2022 0:00;6;NA;República Dominicana;Santo Domingo;Distrito Nacional;Parque Iberoamérica;18.46551556;-69.91947625
16;2H16M64;18.4654115 -69.9195101;WGS84;45 msnm;3 metros;Pheidole subarmata;D. Guzmán, F. Ortíz;13/5/2022 0:00;3;NA;República Dominicana;Santo Domingo;Distrito Nacional;Parque Iberoamérica;18.46541157;-69.91955101
16;2H16M65;18.4654529 -69.9194594;WGS84;45 msnm;2 metros;Pheidole subarmata;D. Guzmán, F. Ortíz;13/5/2022 0:00;8;NA;República Dominicana;Santo Domingo;Distrito Nacional;Parque Iberoamérica;18.46545291;-69.91945948
16;2H16M66;18.4653667 -69.9194219;WGS84;45 msnm;3 metros;Dorymyrmex antillanus;D. Guzmán, F. Ortíz;13/5/2022 0:00;4;NA;República Dominicana;Santo Domingo;Distrito Nacional;Parque Iberoamérica;18.46536673;-69.91942193
16;2H16M67;18.4653695 -69.9194832;WGS84;44 msnm;3 metros;Pheidole subarmata;D. Guzmán, F. Ortíz;13/5/2022 0:00;7;NA;República Dominicana;Santo Domingo;Distrito Nacional;Parque Iberoamérica;18.46536959;-69.91948329
16;2H16M68;18.4653616 -69.9194551;WGS84;44 msnm;3 metros;Pheidole subarmata;D. Guzmán, H. Guzmán;13/5/2022 0:00;5;NA;República Dominicana;Santo Domingo;Distrito Nacional;Parque Iberoamérica;18.46536164;-69.91945513
16;2H16M69;18.4653336 -69.9195248;WGS84;44 msnm;3 metros;Pheidole subarmata;D. Guzmán, H. Guzmán;13/5/2022 0:00;6;NA;República Dominicana;Santo Domingo;Distrito Nacional;Parque Iberoamérica;18.46533366;-69.91952486
16;2H16M70;18.4653015 -69.9194675;WGS84;44 msnm;5 metros;Pheidole subarmata;D. Guzmán, H. Guzmán;13/5/2022 0:00;9;NA;República Dominicana;Santo Domingo;Distrito Nacional;Parque Iberoamérica;18.46530154;-69.91946753
16;2H16M71;18.4653034 -69.9195184;WGS84;44 msnm;4 metros;Pheidole subarmata;D. Guzmán, H. Guzmán;13/5/2022 0:00;5;NA;República Dominicana;Santo Domingo;Distrito Nacional;Parque Iberoamérica;18.46530472;-69.91951849
16;2H16M72;18.4654096 -69.9195761;WGS84;45 msnm;5 metros;Dorymyrmex antillanus;D. Guzmán, H. Guzmán;13/5/2022 0:00;8;NA;República Dominicana;Santo Domingo;Distrito Nacional;Parque Iberoamérica;18.46540966;-69.91957616
19;2H19M73;18.4665980 -69.9188482;WGS84;53 msnm;3 metros;Solenopsis geminata;D. Guzmán, H. Guzmán;13/5/2022 0:00;7;NA;República Dominicana;Santo Domingo;Distrito Nacional;Parque Iberoamérica;18.46659808;-69.91884828
19;2H19M74;18.4666947 -69.9189123;WGS84;53 msnm;3  metros;Solenopsis geminata;D. Guzmán, H. Guzmán;13/5/2022 0:00;8;NA;República Dominicana;Santo Domingo;Distrito Nacional;Parque Iberoamérica;18.46669475;-69.91891231
19;2H19M75;18.4668028 -69.9186937;WGS84;53 msnm;2 metros;Solenopsis geminata;D. Guzmán, H. Guzmán;13/5/2022 0:00;6;NA;República Dominicana;Santo Domingo;Distrito Nacional;Parque Iberoamérica;18.46680288;-69.91869371
19;2H19M76;18.4668346 -69.9187839;WGS84;53 msnm;1 metros;Pheidole subarmata;D. Guzmán, H. Guzmán;13/5/2022 0:00;9;NA;República Dominicana;Santo Domingo;Distrito Nacional;Parque Iberoamérica;18.46683468;-69.9187839
19;2H19M77;18.4668308 -69.9188613;WGS84;53 msnm;2 metros;Pheidole subarmata;D. Guzmán, H. Guzmán;13/5/2022 0:00;9;NA;República Dominicana;Santo Domingo;Distrito Nacional;Parque Iberoamérica;18.46683086;-69.91886135
20;2H20M78;18.4661195 -69.9188250;WGS84;49 msnm;3 metros;Pheidole subarmata;D. Guzmán, H. Guzmán;13/5/2022 0:00;7;NA;República Dominicana;Santo Domingo;Distrito Nacional;Parque Iberoamérica;18.46619516;-69.9188295
20;2H20M79;18.4661811 -69.9188965;WGS84;49 msnm;3 metros;Pheidole subarmata;D. Guzmán, F. Ortíz;16/5/2022 0:00;6;NA;República Dominicana;Santo Domingo;Distrito Nacional;Parque Iberoamérica;18.46618116;-69.91889656
20;2H20M80;18.4661999 -69.9189113;WGS84;49 msnm;3 metros;Pheidole subarmata;D. Guzmán, F. Ortíz;16/5/2022 0:00;6;NA;República Dominicana;Santo Domingo;Distrito Nacional;Parque Iberoamérica;18.46619993;-69.91891131
20;2H20M81;18.4661970 -69.9189733;WGS84;49 msnm;4 metros;Pheidole subarmata;D. Guzmán, F. Ortíz;16/5/2022 0:00;3;NA;República Dominicana;Santo Domingo;Distrito Nacional;Parque Iberoamérica;18.46619706;-69.91897333
20;2H20M82;18.4662266 -69.9189022;WGS84;49 msnm;3 metros;Pheidole subarmata;D. Guzmán, F. Ortíz;16/5/2022 0:00;5;NA;República Dominicana;Santo Domingo;Distrito Nacional;Parque Iberoamérica;18.46622664;-69.91890226
20;2H20M83;18.4662943 -69.9188968;WGS84;49 msnm;2 metros;Solenopsis geminata;D. Guzmán, F. Ortíz;16/5/2022 0:00;9;NA;República Dominicana;Santo Domingo;Distrito Nacional;Parque Iberoamérica;18.46629438;-69.91889689
20;2H20M84;18.4662816 -69.9188305;WGS84;49 msnm;3 metros;Tetramorium lanuginosum;D. Guzmán, F. Ortíz;16/5/2022 0:00;9;Posible género;República Dominicana;Santo Domingo;Distrito Nacional;Parque Iberoamérica;18.46628166;-69.91883051
20;2H20M85;18.4662644 -69.9187986;WGS84;49 msnm;3 metros;Pheidole subarmata;D. Guzmán, F. Ortíz;16/5/2022 0:00;6;NA;República Dominicana;Santo Domingo;Distrito Nacional;Parque Iberoamérica;18.46626448;-69.91879866
20;2H20M86;18.4662807 -69.9187963;WGS84;49 msnm;3 metros;Solenopsis geminata;D. Guzmán, F. Ortíz;16/5/2022 0:00;7;NA;República Dominicana;Santo Domingo;Distrito Nacional;Parque Iberoamérica;18.4662807;-69.91879631
15;2H15M87;18.4658844 -69.9192589;WGS84;44 msnm;4 metros;Pheidole subarmata;D. Guzmán, F. Ortíz, J. Martínez;16/5/2022 0:00;6;NA;República Dominicana;Santo Domingo;Distrito Nacional;Parque Iberoamérica;18.46588446;-69.91925899
15;2H15M88;18.4659098 -69.9194417;WGS84;44 msnm;2 metros;Solenopsis geminata;D. Guzmán, F. Ortíz, J. Martínez;16/5/2022 0:00;10;NA;República Dominicana;Santo Domingo;Distrito Nacional;Parque Iberoamérica;18.4659099;-69.91944171
15;2H15M89;18.4658170 -69.9193428;WGS84;44 msnm;5 metros;Wasmannia auropunctata;D. Guzmán, F. Ortíz, J. Martínez;16/5/2022 0:00;10;NA;República Dominicana;Santo Domingo;Distrito Nacional;Parque Iberoamérica;18.46581704;-69.91934281
15;2H15M90;18.4659140 -69.9194202;WGS84;44 msnm;6 metros;Paratrechina longicornis;D. Guzmán, F. Ortíz, J. Martínez;16/5/2022 0:00;2;NA;República Dominicana;Santo Domingo;Distrito Nacional;Parque Iberoamérica;18.46591403;-69.91942026
15;2H15M91;18.4659277 -69.9192100;WGS84;45 msnm;4 metros;Pheidole subarmata;D. Guzmán, F. Ortíz, J. Martínez;16/5/2022 0:00;13;NA;República Dominicana;Santo Domingo;Distrito Nacional;Parque Iberoamérica;18.46592771;-69.91921004
15;2H15M92;18.4657804 -69.9194631;WGS84;45 msnm;7 metros;Mycetomoellerius jamaicensis;D. Guzmán, F. Ortíz, J. Martínez;16/5/2022 0:00;2;NA;República Dominicana;Santo Domingo;Distrito Nacional;Parque Iberoamérica;18.46578047;-69.91946317
15;2H15M93;18.4657823 -69.9194859;WGS84;45 msnm;7 metros;Odontomachus ruginodis;D. Guzmán, F. Ortíz, J. Martínez;16/5/2022 0:00;4;NA;República Dominicana;Santo Domingo;Distrito Nacional;Parque Iberoamérica;18.46578237;-69.91948597
15;2H15M94;18.4657368 -69.9195121;WGS84;45 msnm;8 metros;Pheidole subarmata;D. Guzmán;17/5/2022 0:00;4;NA;República Dominicana;Santo Domingo;Distrito Nacional;Parque Iberoamérica;18.4657369;-69.91951212
14;2H14M95;18.4664028 -69.9196613;WGS84;54 msnm;6 metros;Solenopsis geminata;D. Guzmán;17/5/2022 0:00;3;NA;República Dominicana;Santo Domingo;Distrito Nacional;Parque Iberoamérica;18.46640282;-69.91966132
10;2H10M96;18.4664330 -69.9198604;WGS84;53 msnm;5 metros;Solenopsis geminata;D. Guzmán, J. Martínez;17/5/2022 0:00;11;NA;República Dominicana;Santo Domingo;Distrito Nacional;Parque Iberoamérica;18.46643303;-69.91986047
10;2H10M97;18.4664702 -69.9199697;WGS84;53 msnm;4 metros;Solenopsis geminata;D. Guzmán, J. Martínez;17/5/2022 0:00;12;NA;República Dominicana;Santo Domingo;Distrito Nacional;Parque Iberoamérica;18.46647024;-69.91996977
10;2H10M98;18.4664177 -69.9199359;WGS84;53 msnm;3 metros;Solenopsis geminata;D. Guzmán, J. Martínez;17/5/2022 0:00;4;NA;República Dominicana;Santo Domingo;Distrito Nacional;Parque Iberoamérica;18.46641777;-69.91993591
10;2H10M99;18.4663986 -69.9199533;WGS84;53 msnm;4 metros;Dorymyrmex antillanus;D. Guzmán, J. Martínez;17/5/2022 0:00;3;NA;República Dominicana;Santo Domingo;Distrito Nacional;Parque Iberoamérica;18.46639868;-69.91995335
10;2H10M100;18.4663913 -69.9198765;WGS84;53 msnm;5 metros;Dorymyrmex antillanus;D. Guzmán, J. Martínez;17/5/2022 0:00;4;NA;República Dominicana;Santo Domingo;Distrito Nacional;Parque Iberoamérica;18.46639137;-69.91987657
9;2H9M101;18.4667055 -69.9200136;WGS84;54 msnm;5 metros;Pheidole jelskii;D. Guzmán, J. Martínez;17/5/2022 0:00;6;NA;República Dominicana;Santo Domingo;Distrito Nacional;Parque Iberoamérica;18.46670557;-69.9200137
9;2H9M102;18.4667106 -69.9200284;WGS84;54 msnm;3 metros;Cyphomyrmex rimosus;D. Guzmán, J. Martínez;17/5/2022 0:00;3;NA;República Dominicana;Santo Domingo;Distrito Nacional;Parque Iberoamérica;18.46671065;-69.92002845
9;2H9M103;18.4668127 -69.9197635;WGS84;54 msnm;4 metros;Pheidole subarmata;D. Guzmán, J. Martínez;17/5/2022 0:00;5;NA;República Dominicana;Santo Domingo;Distrito Nacional;Parque Iberoamérica;18.46681274;-69.91976358
8;2H8M104;18.4675858 -69.9200247;WGS84;54 msnm;5 metros;Pheidole subarmata;D. Guzmán, J. Martínez;17/5/2022 0:00;12;NA;República Dominicana;Santo Domingo;Distrito Nacional;Parque Iberoamérica;18.46758582;-69.92002476
8;2H8M105;18.4672261 -69.9200037;WGS84;54 msnm;2 metros;Solenopsis geminata;D. Guzmán, J. Martínez;17/5/2022 0:00;14;NA;República Dominicana;Santo Domingo;Distrito Nacional;Parque Iberoamérica;18.46722615;-69.92003784
8;2H8M106;18.4673253 -69.9200824;WGS84;54 msnm;4 metros;Solenopsis geminata;D. Guzmán, J. Martínez;17/5/2022 0:00;12;NA;República Dominicana;Santo Domingo;Distrito Nacional;Parque Iberoamérica;18.46732537;-69.92008243
4;2H4M107;18.4672535 -69.9204686;WGS84;54 msnm;8 metros;Pheidole subarmata;D. Guzmán;18/5/2022 0:00;6;NA;República Dominicana;Santo Domingo;Distrito Nacional;Parque Iberoamérica;18.4672535;-69.92046867
4;2H4M108;18.4671800 -69.9204706;WGS84;54 msnm;4 metros;Pheidole subarmata;D. Guzmán;18/5/2022 0:00;4;NA;República Dominicana;Santo Domingo;Distrito Nacional;Parque Iberoamérica;18.46718004;-69.92047068
4;2H4M109;18.4672344 -69.9205850;WGS84;54 msnm;5 metros;Dorymyrmex antillanus;D. Guzmán, J. Martínez;18/5/2022 0:00;4;NA;República Dominicana;Santo Domingo;Distrito Nacional;Parque Iberoamérica;18.46723442;-69.92058501
4;2H4M110;18.4671997 -69.9206393;WGS84;54 msnm;4 metros;Pheidole subarmata;D. Guzmán, J. Martínez;18/5/2022 0:00;12;NA;República Dominicana;Santo Domingo;Distrito Nacional;Parque Iberoamérica;18.46719976;-69.92063932
4;2H4M111;18.4671126 -69.9206721;WGS84;54 msnm;5 metros;Cyphomyrmex rimosus;D. Guzmán, J. Martínez;18/5/2022 0:00;7;NA;República Dominicana;Santo Domingo;Distrito Nacional;Parque Iberoamérica;18.46711262;-69.92067218
1;2H1M112;18.4672118 -69.9210362;WGS84;54 msnm;7 metros;Dorymyrmex antillanus;D. Guzmán, J. Martínez;18/5/2022 0:00;2;NA;República Dominicana;Santo Domingo;Distrito Nacional;Parque Iberoamérica;18.46721184;-69.92103629
1;2H1M113;18.4672223 -69.9211620;WGS84;51 msnm;3 metros;Pheidole subarmata;D. Guzmán, J. Martínez;18/5/2022 0:00;6;NA;República Dominicana;Santo Domingo;Distrito Nacional;Parque Iberoamérica;18.46722234;-69.92116202
1;2H1M114;18.4672506 -69.9211673;WGS84;51 msnm;5 metros;Pheidole subarmata;D. Guzmán, J. Martínez;18/5/2022 0:00;12;NA;República Dominicana;Santo Domingo;Distrito Nacional;Parque Iberoamérica;18.46725064;-69.92116738
2;2H2M115;18.4667551 -69.9210396;WGS84;51msnm;3 metros;Dorymyrmex antillanus;D. Guzmán, J. Martínez;18/5/2022 0:00;8;NA;República Dominicana;Santo Domingo;Distrito Nacional;Parque Iberoamérica;18.46675518;-69.92103964
2;2H2M116;18.4666333 -69.9212233;WGS84;51 msnm;2 metros;Pheidole subarmata;D. Guzmán, J. Martínez;18/5/2022 0:00;8;NA;República Dominicana;Santo Domingo;Distrito Nacional;Parque Iberoamérica;18.46663338;-69.92122337
2;2H2M117;18.4667507 -69.9210919;WGS84;51 msnm;4 metros;Dorymyrmex antillanus;D. Guzmán, J. Martínez;18/5/2022 0:00;6;NA;República Dominicana;Santo Domingo;Distrito Nacional;Parque Iberoamérica;18.46675072;-69.92109194
3;2H3M118;18.4663144 -69.9209756;WGS84;51 msnm;4 metros;Solenopsis geminata;D. Guzmán, J. Martínez;18/5/2022 0:00;10;NA;República Dominicana;Santo Domingo;Distrito Nacional;Parque Iberoamérica;18.46631441;-69.9209756
5;2H5M119;18.4664063 -69.9206654;WGS84;49 msnm;3 metros;Dorymyrmex antillanus;D. Guzmán;19/5/2022 0:00;6;NA;República Dominicana;Santo Domingo;Distrito Nacional;Parque Iberoamérica;18.46640632;-69.92066547
5;2H5M120;18.4663299 -69.9206228;WGS84;49 msnm;4  metros;Solenopsis geminata;D. Guzmán;19/5/2022 0:00;5;NA;República Dominicana;Santo Domingo;Distrito Nacional;Parque Iberoamérica;18.46632999;-69.92062289
5;2H5M121;18.4665157 -69.9204465;WGS84;49 msnm;5 metros;Pheidole jelskii;D. Guzmán;19/5/2022 0:00;7;Sin identificar;República Dominicana;Santo Domingo;Distrito Nacional;Parque Iberoamérica;18.46651571;-69.92044654
6;2H6M122;18.4660243 -69.9204270;WGS84;48 msnm;6 metros;Solenopsis geminata;D. Guzmán;19/5/2022 0:00;5;NA;República Dominicana;Santo Domingo;Distrito Nacional;Parque Iberoamérica;18.46602438;-69.92042709
6;2H6M123;18.4659725 -69.9208237;WGS84;48 msnm;7 metros;Pogonomyrmex schmitti;D. Guzmán, F. Ortíz;19/5/2022 0:00;3;NA;República Dominicana;Santo Domingo;Distrito Nacional;Parque Iberoamérica;18.46597255;-69.92082372
6;2H6M124;18.4659372 -69.9208659;WGS84;48 msnm;8 metros;Tetramorium lanuginosum;D. Guzmán, F. Ortíz;19/5/2022 0:00;7;Sin identificar;República Dominicana;Santo Domingo;Distrito Nacional;Parque Iberoamérica;18.46593725;-69.92086597
6;2H6M125;18.4659722 -69.9207221;WGS84;48 msnm;4 metros;Pheidole subarmata;D. Guzmán, F. Ortíz;19/5/2022 0:00;10;Posible;República Dominicana;Santo Domingo;Distrito Nacional;Parque Iberoamérica;18.46597223;-69.92072213
6;2H6M126;18.4658167 -69.9208579;WGS84;48 msnm;5 metros;Dorymyrmex antillanus;D. Guzmán, F. Ortíz;19/5/2022 0:00;4;NA;República Dominicana;Santo Domingo;Distrito Nacional;Parque Iberoamérica;18.46581672;-69.92085792
6;2H6M127;18.4657518 -69.9207087;WGS84;48 msnm;4 metros;Paratrechina longicornis;D. Guzmán, F. Ortíz;19/5/2022 0:00;4;NA;República Dominicana;Santo Domingo;Distrito Nacional;Parque Iberoamérica;18.46575185;-69.92070872
6;2H6M128;18.4657550 -69.9207305;WGS84;48 msnm;5 metros;Wasmannia auropunctata;D. Guzmán, F. Ortíz;19/5/2022 0:00;10;NA;República Dominicana;Santo Domingo;Distrito Nacional;Parque Iberoamérica;18.46575503;-69.92073052
7;2H7M129;18.4653501 -69.9204455;WGS84;46 msnm;3 metros;Wasmannia auropunctata;D. Guzmán, F. Ortíz;19/5/2022 0:00;9;NA;República Dominicana;Santo Domingo;Distrito Nacional;Parque Iberoamérica;18.46535019;-69.92044553
7;2H7M130;18.4653457 -69.9207013;WGS84;46 msnm;4 metros;Pheidole subarmata;D. Guzmán, F. Ortíz;19/5/2022 0:00;10;NA;República Dominicana;Santo Domingo;Distrito Nacional;Parque Iberoamérica;18.46534574;-69.92070135
7;2H7M131;18.4652983 -69.9206235;WGS84;46 msnm;3 metros;Dorymyrmex antillanus;D. Guzmán, F. Ortíz;19/5/2022 0:00;10;NA;República Dominicana;Santo Domingo;Distrito Nacional;Parque Iberoamérica;18.46529836;-69.92062356
7;2H7M132;18.4653031 -69.92040712;WGS84;46 msnm;4 metros;Wasmannia auropunctata;D. Guzmán, F. Ortíz y J. Martínez;19/5/2022 0:00;20;NA;República Dominicana;Santo Domingo;Distrito Nacional;Parque Iberoamérica;18.465303;-69.9204071
7;2H7M133;18.4652964 -69.9207419;WGS84;46 msnm;5 metros;Solenopsis geminata;D. Guzmán, F. Ortíz y J. Martínez;19/5/2022 0:00;11;NA;República Dominicana;Santo Domingo;Distrito Nacional;Parque Iberoamérica;18.46529645;-69.92074192
7;2H7M134;18.4653148 -69.9207918;WGS84;46 msnm;6 metros;Solenopsis geminata;D. Guzmán, F. Ortíz, J. Martínez;19/5/2022 0:00;6;NA;República Dominicana;Santo Domingo;Distrito Nacional;Parque Iberoamérica;18.46531489;-69.92079187
7;2H7M135;18.4652035 -69.9205484;WGS84;46 msnm;7 metros;Paratrechina longicornis;D. Guzmán, F. Ortíz, J. Martínez;19/5/2022 0:00;10;NA;República Dominicana;Santo Domingo;Distrito Nacional;Parque Iberoamérica;18.46520359;-69.92054846
7;2H7M136;18.4651552 -69.9206349;WGS84;46 msnm;7 metros;Monomorium floricola;D. Guzmán, F. Ortíz, J. Martínez;19/5/2022 0:00;9;NA;República Dominicana;Santo Domingo;Distrito Nacional;Parque Iberoamérica;18.46515525;-69.92063496
7;2H7M137;18.4651026 -69.9207013;WGS84;46 msnm;5 metros;Acropyga dubitata;D. Guzmán, F. Ortíz, J. Martínez;19/5/2022 0:00;8;NA;República Dominicana;Santo Domingo;Distrito Nacional;Parque Iberoamérica;18.4651026;-69.9207013
11;2H11M138;18.4655483 -69.9199339;WGS84;46 msnm;7 metros;Pheidole jelskii;D. Guzmán, F. Ortíz, J. Martínez;19/5/2022 0:00;7;NA;República Dominicana;Santo Domingo;Distrito Nacional;Parque Iberoamérica;18.46554832;-69.9199339
11;2H11M139;18.4654220 -69.9200348;WGS84;46 msnm;8 metros;Wasmannia auropunctata;D. Guzmán, F. Ortíz, J. Martínez;19/5/2022 0:00;9;NA;República Dominicana;Santo Domingo;Distrito Nacional;Parque Iberoamérica;18.46542206;-69.92003482
11;2H11M140;18.4654721 -69.9197702;WGS84;46 msnm;8 metros;Pheidole subarmata;D. Guzmán, F. Ortíz, J. Martínez;19/5/2022 0:00;8;NA;República Dominicana;Santo Domingo;Distrito Nacional;Parque Iberoamérica;18.46564722;-69.91977029
11;2H11M141;18.4653543 -69.9200656;WGS84;46 msnm;7 metros;Cyphomyrmex rimosus;D. Guzmán, F. Ortíz, J. Martínez;19/5/2022 0:00;3;NA;República Dominicana;Santo Domingo;Distrito Nacional;Parque Iberoamérica;18.46535433;-69.92006566
11;2H11M142;18.4653358 -69.9199878;WGS84;46 msnm;8 metros;Pheidole subarmata;D. Guzmán, F. Ortíz, J. Martínez;19/5/2022 0:00;13;NA;República Dominicana;Santo Domingo;Distrito Nacional;Parque Iberoamérica;18.46533588;-69.91998788
11;2H11M143;18.4652980 -69.9199923;WGS84;46 msnm;4 metros;Pheidole subarmata;D. Guzmán, F. Ortíz, J. Martínez;19/5/2022 0:00;11;NA;República Dominicana;Santo Domingo;Distrito Nacional;Parque Iberoamérica;18.46529804;-69.91992317
11;2H11M144;18.4652884 -69.9199255;WGS84;46 msnm;5 metros;Solenopsis geminata;D. Guzmán, F. Ortíz, J. Martínez;19/5/2022 0:00;8;NA;República Dominicana;Santo Domingo;Distrito Nacional;Parque Iberoamérica;18.4652885;-69.91992552
11;2H11M145;18.4653250 -69.9198497;WGS84;46 msnm;6 metros;Pogonomyrmex schmitti;D. Guzmán, F. Ortíz, J. Martínez;19/5/2022 0:00;4;NA;República Dominicana;Santo Domingo;Distrito Nacional;Parque Iberoamérica;18.46532507;-69.91984975
24;2H24M146;18.4664765 -69.9185019;WGS84;49 msnm;4 metros;Pheidole subarmata;D. Guzmán, L. Rosario;31/5/2022 0:00;3;NA;República Dominicana;Santo Domingo;Distrito Nacional;Parque Iberoamérica;18.4664765;-69.9185019
24;2H24M147;18.4664861 -69.9185247;WGS84;49 msnm;7 metros;Solenopsis geminata;D. Guzmán, L. Rosario;31/5/2022 0:00;5;NA;República Dominicana;Santo Domingo;Distrito Nacional;Parque Iberoamérica;18.46648614;-69.91852473
24;2H24M148;18.4665150 -69.9184975;WGS84;49 msnm;8 metros;Odontomachus ruginodis;D. Guzmán, L. Rosario;31/5/2022 0:00;5;NA;República Dominicana;Santo Domingo;Distrito Nacional;Parque Iberoamérica;18.46651508;-69.91849758
24;2H24M149;18.4663843 -69.9158183;WGS84;49 msnm;9 metros;Pheidole subarmata;D. Guzmán, L. Rosario;31/5/2022 0:00;6;NA;República Dominicana;Santo Domingo;Distrito Nacional;Parque Iberoamérica;18.4664766;-69.91850194
24;2H24M150;18.4665436 -69.9184201;WGS84;49 msnm;4 metros;Pheidole subarmata;D. Guzmán, L. Rosario;31/5/2022 0:00;6;NA;República Dominicana;Santo Domingo;Distrito Nacional;Parque Iberoamérica;18.46638437;-69.91851836
24;2H24M151;18.4665408 -69.9184757;WGS84;49 msnm;7 metros;Solenopsis geminata;D. Guzmán, L. Rosario;31/5/2022 0:00;6;NA;República Dominicana;Santo Domingo;Distrito Nacional;Parque Iberoamérica;18.4665437;-69.91842013
